{
 "c_l2qbxl": 8.836125134687547e-09,
 "c_p2m": 2.7863830844362315e-08,
 "c_m2l": 1.2768664109837519e-08,
 "c_m2m": 1.0609857513700853e-08,
 "c_p2qbxl": 3.185260377884686e-08,
 "c_p2l": 2.3287048674595436e-08,
 "c_qbxl2p": 1.163367503115025e-06,
 "c_l2l": 1.522877265196456e-08,
 "c_m2qbxl": 1.040639601426058e-08,
 "c_p2p_tsqbx": 5.4427926988435515e-08
}