{"c_p2m": 1.134504551992058e-08, "c_qbxl2p": 2.4878004779164556e-07, "c_l2l": 4.120079881914911e-09, "c_m2m": 3.723756962756279e-09, "c_m2qbxl": 3.0738844361924972e-09, "c_l2qbxl": 4.0383818952867626e-09, "c_p2l": 1.054976737672154e-08, "c_p2qbxl": 1.2139798333861967e-08, "c_m2l": 2.891727229631207e-09, "c_p2p_tsqbx": 9.10455513678772e-09}
